bundle_asset_id,product_asset_id
B_c848ff0bf533,I_1a91c1c397b5
B_f02579277f25,I_e615efc87ef7
B_447a3763289c,I_89d0aa18c1f7
B_4b729b800473,I_894a74865691
B_96ebb548aa3c,I_68502742fe3d
B_c6a58396da91,I_f032568d26ba
B_e230b3dad561,I_93813c361c2a
B_802ca9d4856b,I_776d476fa62a
B_d557836198e2,I_5786e272f61a
B_2058cf8ce70d,I_f59272245bf3
B_dc7c3b1e69f6,I_e630c6c2cdc1
B_ebba3120ba10,I_89d0aa18c1f7
B_a31ad5a48480,I_f23229a765f2
B_31ceb02dd199,I_cd6deeb79144
B_492ad0f474f0,I_7a12df74925e
B_cbb9cbc4342c,I_bd34c2b7b8b2
B_b97369b349e8,I_62f2a81f2eb7
B_c40bc1929f04,I_991a6310d01a
B_82dfd3eb1aaa,I_cde786852c82
B_ea4c6fc0fec6,I_cb1216a1283f
B_456ef9eed0f5,I_d7cd22ed4426
B_845d2a7ed39a,I_cc41851de951
B_4fc4349b267f,I_7399854e33ae
B_a191319863ea,I_d0c4bb84f41e
B_75fb7c9e6611,I_894a74865691
B_05164ac144ae,I_a22e4cc2169f
B_953fd9a85723,I_89d0aa18c1f7
B_384790e70fb1,I_ce797289b6f2
B_19882a146499,I_5b00da1114c4
B_55fbfa419357,I_d86322b9202b
B_227d5e3757b0,I_3022cf46b875
B_12c34e3d4e62,I_894a74865691
B_3458f0d9eade,I_73e48892c491
B_4d63d7211340,I_bdbf88535625
B_8c410cbfcb54,I_40df468bf6c7
B_1bf6f36ec163,I_ffe683e121d3
B_b8684d37a5c9,I_079874c5c8d9
B_9004a0a2ae4b,I_89d0aa18c1f7
B_f1687ea0394a,I_030dc01fca8f
B_6cb451c656cd,I_b1a65284da40
B_698c826c4252,I_656f3f29b3bc
B_2e1f088bce92,I_f728e5df6719
B_e0c20a2ad8c5,I_08f909aa5972
B_a671e0327bfd,I_32a8fa03a1ca
B_f0ce4ad5a534,I_0f4bdafb593d
B_843e3aa7db75,I_d0946a0459e4
B_89f6e4bb2aea,I_5558d305f81e
B_25d1725e7282,I_28e4e9a9d77b
B_d3e7d6dbf594,I_4ea0b51cbcbb
B_46fc2a68bd03,I_61fdc462edf1
B_bbc44c57040e,I_60cde00d5c3e
B_a8d4a36f9009,I_6cf2b7e93bb7
B_ae0d4f5e983a,I_942ccced456a
B_55254f51b387,I_f1507c2da093
B_8ed62305e4eb,I_3f92935a64b3
B_8511f7018e13,I_9f663113a4ed
B_df9dd7e778c9,I_c1aa41549260
B_bb1a9a927ac8,I_3e2de58cbaef
B_24bf287ea85b,I_f01c955886d8
B_9ba7744a3461,I_030dc01fca8f
B_a473e00107ce,I_0555666be0a0
B_aca722d66a95,I_53b847d2d2f1
B_0ed225f00f9e,I_6d157b9785ec
B_812b44120261,I_ce856e76fedd
B_53a6fdb38a64,I_e14e356fd0d6
B_e4584fcc6f35,I_08f909aa5972
B_3406927e2243,I_6cf2b7e93bb7
B_21f9b6e319e8,I_2d47818146fb
B_79680401ca51,I_7ab576c900fc
B_6be9326204b8,I_7653c362030e
B_0f084a1c7740,I_7ab576c900fc
B_beb7007f20e7,I_5e0b7f594338
B_4aa886755205,I_34c611ff3c69
B_e7141f788739,I_4c843d6aa0f3
B_3404b8bad9fd,I_32a8fa03a1ca
B_bbb47e676776,I_2d47818146fb
B_5d9090bdf5d3,I_26c458cb300b
B_d4876a70ac40,I_604117928407
B_bea1ccea3d52,I_6f28f9e4c09e
B_1109f8c6b106,I_afece36227f1
B_6bc93f4aca3b,I_214c705a3682
B_3aeaf2c65bcd,I_3f7fd91d05be
B_6fe6b93fcfe5,I_20b52f709fce
B_3b3eafe4f6ef,I_5e7fe59b5675
B_8894d6fa54fd,I_12f755226922
B_32c1e5af57e3,I_fd54dd2dc366
B_d2034c54d828,I_75a2de44160b
B_77303832bb19,I_5558d305f81e
B_a769b220a944,I_d98f7acf7e24
B_1633c9350951,I_40df468bf6c7
B_84138554efd0,I_8509bbae496a
B_16694a105050,I_af843f21af8a
B_6a3cac402aed,I_b219dcb7c3c8
B_fe7f32b45604,I_dda71e27d886
B_99dad98e2bd8,I_13b3fdf2a70d
B_4b901c3858fd,I_bb7e4b4a501e
B_44d0d021ebc6,I_d0cce79a2c40
B_7560d2541014,I_5e0385c997c9
B_0c99ec4eabdf,I_ce856e76fedd
B_cc690d46a954,I_b18067d337ac
B_2322062651aa,I_f9b247631546
B_afabcdce9b73,I_10bbc2fcf6c0
B_1c48fbc038f1,I_346a4b537b91
B_06a21333b4d3,I_3c84633b2656
B_d25f1899eac9,I_b219dcb7c3c8
B_e82f1e241c68,I_b76d6201d4dd
B_66066cf2e944,I_772b59b90dc3
B_c71a6e65ddc0,I_4ab1cf5d68c6
B_1b456c0d1d83,I_b7d9b98ad843
B_b5062797cfb8,I_0f4bdafb593d
B_5808163b326e,I_6307bf6c5f37
B_ffd5ba871c38,I_8077a15edcd0
B_4006a870e57f,I_c2a7a68d443d
B_1a450685a031,I_3b640d060b9d
B_377f141b65d9,I_a30a001ab7d7
B_2a213371dbca,I_5d21f5caed82
B_ee794d27f83f,I_8565a514fbe6
B_1cc05902cdc0,I_80bf7be95c62
B_7bf3e06966cc,I_f728e5df6719
B_a406f9a2f48b,I_a7f513944338
B_bcef0638a130,I_be99d504d5aa
B_35d745bce1ea,I_1f3dec29bf8f
B_f8858c727b5e,I_92e5d2bdde9f
B_196047db7f0d,I_3cf50e033966
B_29a073035d44,I_8565a514fbe6
B_3fa9e8091830,I_86a7edc2c1fa
B_1395aa0863a0,I_6de6c050f47b
B_59d9607d9370,I_11b0669a483c
B_1de9a4bf210b,I_89d0aa18c1f7
B_d3903b9c2b36,I_3c42a5529350
B_d03cc59da8de,I_0f4bdafb593d
B_00efaa88351d,I_c98b8877b806
B_bed212c54920,I_ce856e76fedd
B_5e166865a0d1,I_b86875166d40
B_ea604784fbdf,I_548572b2ca12
B_0918af535d78,I_c08af3ae35fb
B_e23e36bae5e9,I_49cfc3a6f49c
B_28d62c3d082f,I_ae95b0886510
B_905ae4740138,I_35e82b540229
B_9d10a9328a59,I_5db2030ffa33
B_fae8e070386b,I_dc01ef1c54aa
B_63dbb77ccaa1,I_ba6b4b982d8c
B_0d564f7cac5c,I_9fa8dbadb382
B_bcebbcb74e1e,I_300435c57176
B_6d4e8b9efd77,I_dece03f0085e
B_e3e7a3c4daf4,I_47927f045e89
B_aede825a153c,I_bbb5231b0ba2
B_76f80b2d6561,I_030dc01fca8f
B_b541162e19d1,I_7126c1ff7614
B_18e88203a5eb,I_bc1feb576320
B_d6e4036273e6,I_b7dd58681ad3
B_802036b292ce,I_fea5ecd722fa
B_98b1335f371e,I_89d0aa18c1f7
B_423df7a9d38b,I_10bbc2fcf6c0
B_b320e5ab7a31,I_b18067d337ac
B_466f8245f30b,I_f728e5df6719
B_afd3138f4784,I_d76f5b05b8c5
B_80f5a2f66706,I_5e0b7f594338
B_3cfbda96ae2d,I_2ec9c8fbc101
B_095e0e154185,I_7ab576c900fc
B_c52b9b960fd1,I_2c5215ba96b4
B_7f36ed1f525d,I_25a7511495f6
B_a2eb2a490661,I_c000dfa0ac56
B_a4129bcc5ebb,I_f728e5df6719
B_60237370f601,I_ffe683e121d3
B_816377331d86,I_fdf3e6768357
B_c8bb575903b1,I_17023cca962b
B_3934d6b57dd7,I_a53c6e0c7cb4
B_b26151d24c08,I_0d221928e2ad
B_11153349f642,I_6ebfe8b47c56
B_00fb011f20ae,I_894a74865691
B_d3a8f8eefdae,I_7a799af83e40
B_e171ec9133a6,I_9212a4d6dd7c
B_64ba6a5e7768,I_0a41fb41cc1a
B_6df2584bbad3,I_3acbafeedf16
B_792a2b9e8099,I_e615efc87ef7
B_b3cfd9f51cae,I_5046fc3b0453
B_88d6d7ac5a18,I_cc2c2655d806
B_e15860774c03,I_6cfe07cef896
B_3663216e5a13,I_9d6cf1cc0db1
B_a035ed41ff73,I_7d3673757685
B_d0867fda18fa,I_67868f83cb14
B_cb732f31a9df,I_08f909aa5972
B_602ea5e3fe74,I_030dc01fca8f
B_6c6d3b10eeb2,I_5c4bb139c27a
B_e5aa7540760d,I_e1ec7c35ba57
B_c8e919ea29b3,I_ce856e76fedd
B_24a4a79804eb,I_89d0aa18c1f7
B_d49acef78d3e,I_fc14427fcde1
B_322ba4fce4b5,I_c197a7d77a03
B_5ee4f1092858,I_a047bfa5ab51
B_41aa9dac20e6,I_e372a3fffc98
B_b69ece83ca9c,I_85c6b488ff72
B_6968c409b4f3,I_c197a7d77a03
B_6b93638e53cc,I_ffe683e121d3
B_0e2d7f48121b,I_da511de53546
B_383a1f8a56d7,I_618c674efb3c
B_ff00e49316ec,I_618c674efb3c
B_e671deac23e2,I_300435c57176
B_1a8dca5a4072,I_a7fb34dbb880
B_7c821af51915,I_bf980e9c2d1b
B_7bebe8a7b19d,I_3fc2f38ca61d
B_805bb28a0080,I_b7d6a6394c6a
B_366f7aa612bf,I_87b3827141a9
B_8098e68515b8,I_2886e3c6795c
B_cc2834e6e89c,I_ed105e5d7810
B_c19852bb8bd5,I_858db38b7cf4
B_cb1bec7527dc,I_bdbf88535625
B_f904fb140fed,I_94bb24b11905
B_596e1f5ac8c7,I_b1aeebca2496
B_cb6016a9a5d8,I_91acd8bb3b5e
B_1be5266e8ae7,I_558e4bb40c93
B_8265ac025fe2,I_ce856e76fedd
B_8d4f826961bb,I_32edd7a64064
B_dac3c0cf4817,I_e2804fe2501b
B_32060ee542a3,I_ce856e76fedd
B_03f4266920d5,I_7c2c019de7fb
B_567e8dab3e7b,I_0c95c656fb1d
B_990a23951b63,I_fff3cf6715e7
B_c214dab452fb,I_e630c6c2cdc1
B_00fc64a41bbc,I_906bd7104b71
B_8fd7842dd63f,I_a2338f466222
B_409d4affe180,I_916f07dee60b
B_02515ae0b5bd,I_108d0af442f8
B_2ed5719fdb97,I_e5a1d24a74cd
B_26486a67de9a,I_e7eecfda159d
B_53505515a068,I_85c6b488ff72
B_1513dc328a9c,I_e7eecfda159d
B_05bf352aa2e6,I_005ec06c1f4b
B_45ddd89564cc,I_649191688e18
B_875d82ef9a19,I_2f4f7d0d7e2f
B_c9fc85bc5391,I_66be014470d8
B_2734222bc13b,I_c4ee34820a62
B_5cc65aef1307,I_eebf68a7c961
B_2a3830b613ab,I_2ff6dee9c659
B_7b82a11f72cf,I_693a741acdd0
B_af68a424c04e,I_fb80f8c60108
B_2ee32ec55a07,I_61ab485538e9
B_84d30326fb33,I_2395d855c5d6
B_c30aefd7d82e,I_f49a83243c7f
B_cc9c062aed9b,I_3c42a5529350
B_cd63569b0226,I_89d0aa18c1f7
B_d5dfaab64e7e,I_7222356513e6
B_39399cd120ad,I_a9f390bdcc14
B_cd1c1e0cdde8,I_d4b8b4bdebbc
B_d4783b5da112,I_52a6402ec9f0
B_d8ad4afb638f,I_300435c57176
B_60dac6848366,I_bcadde28db7a
B_06cb5c01bdbe,I_73e48892c491
B_79a6e6087e88,I_4483333d3b27
B_fcdf4078cd47,I_ce856e76fedd
B_d15c83fccbdf,I_240ca99d5d83
B_997bd95bab75,I_fbacea4c9b1a
B_64c8efc2359d,I_bece2bb86089
B_b0659936d59a,I_89d0aa18c1f7
B_1d0047ebfe84,I_534f2139fee6
B_e203bbab0a3b,I_b7d6a6394c6a
B_c03c94df7aa0,I_15a54be7d94b
B_5f76af5380c8,I_539755c3c633
B_51af75bfc3ed,I_0d221928e2ad
B_580d91c5668b,I_c0acde175bf6
B_ea3c37a211a2,I_019b87c4e247
B_f6b6a1af45fe,I_2395d855c5d6
B_ee0733131209,I_068ff6392678
B_7bc6766ac49b,I_89f193c590a8
B_1d7f1050ca31,I_a4a330aea74f
B_e81c24a4ad1c,I_d0cce79a2c40
B_c0c6d7064890,I_b1e7928349a6
B_a462a860e0d3,I_571d4f07092a
B_b42380e45bd0,I_743271764fc3
B_1d0281d4eec3,I_567934f9c354
B_36fb7f9fca70,I_7ab576c900fc
B_00be601cabec,I_e4da59d42692
B_2178b105a88f,I_856c3d9c4f92
B_510fcac1908f,I_45517e55014d
B_b94233ca6ed9,I_d8cfa2439d6d
B_53a06440516d,I_4ab1cf5d68c6
B_d8348793c1d0,I_ffb21313aed7
B_f1ab0c0777a8,I_030dc01fca8f
B_720c162c1321,I_6cf2b7e93bb7
B_50bd146d0b21,I_0fb3ebe91ac6
B_86ed7b998e5a,I_0f44d35446a2
B_dbdee8bcab07,I_2ef71688b761
B_bb122e702603,I_b7d6a6394c6a
B_c77dd198f7f8,I_61fdc462edf1
B_7e9736657b31,I_832acd09e7c3
B_f247078895bd,I_bb9193c03273
B_c98b17727329,I_01f7658ce82d
B_3441d0366f77,I_030dc01fca8f
B_5aa678609cfa,I_3c42a5529350
B_dc9bbf66268b,I_1ece09f42962
B_88edaa5daa0a,I_7f463763ec6a
B_5f9659ad1e51,I_045f94d3ec31
B_e8b1376b5909,I_a4b8ea0a71e9
B_69beda577294,I_949826c4fba4
B_a804dd9a30b2,I_8431aca6da75
B_0c407bb1109e,I_4c361a0bdf6b
B_ad850d9aa3bf,I_5dea5c1205ca
B_cdd97ed847bd,I_618c674efb3c
B_ad5205e02b04,I_5b00da1114c4
B_2e6132dbb1d1,I_18c36d97c8d3
B_bf05a891662b,I_93fa83088119
B_47577a42ee56,I_bece2bb86089
B_f3cdaa9d4db3,I_0bed85f85c32
B_ff32aa50bece,I_7bd3f401df78
B_4e8fb270a487,I_85c6b488ff72
B_912ef12356f0,I_7f5ef96f35ed
B_13178447f832,I_710c17b5be24
B_897e6d5eec31,I_c000dfa0ac56
B_1badcc9ce61a,I_f27a8fd31515
B_9adffde8af27,I_a6ed60829759
B_9dd1e5a44fc9,I_8824cfabd3ff
B_86f101b447df,I_58ea6e15ba02
B_efb1f6307afb,I_4e95ace69f9b
B_bf71b51a6969,I_705a27210e2f
B_d2aa0ae1be22,I_6e4ae3f98d07
B_778a1ec03b92,I_c5c02f83b8e8
B_33ba28d038df,I_8077a15edcd0
B_79bdaa8bfb43,I_030dc01fca8f
B_bbc1ec84edcc,I_906bd7104b71
B_39c421315669,I_1253542449df
B_19b64582e911,I_91cf239a3b54
B_1f431f7e613e,I_ce856e76fedd
B_7f783d71f37a,I_0f4bdafb593d
B_f91b2e696721,I_85c6b488ff72
B_23c6d75ac850,I_f28dd93b28f6
B_f6653dad601e,I_07f98e6f1005
B_4da3272551c0,I_03ad71a76a10
B_25dd23fafc8c,I_571d4f07092a
B_0ff94757ad9a,I_f3c6a8731e74
B_1936c676f1e0,I_d7513e891060
B_1c7710d97f62,I_36f8300596d9
B_328f308d6a93,I_89d0aa18c1f7
B_14207fc52716,I_4ee8d2a11e73
B_59d8a012e2ea,I_232de0785cd1
B_7132d86131a2,I_a75370825b63
B_9d8d6d87b3f9,I_752d0c18a65a
B_dea361e65cbc,I_2447abc919d5
B_3fdf66677e3c,I_d723a4df12f9
B_f8a7135455fb,I_16422b91726c
B_1069510d3cff,I_0e9adf4694b7
B_d0a93609188f,I_915f44410a7a
B_be7bc7223983,I_13b3fdf2a70d
B_abdc6ffabbaa,I_36b746282c33
B_ec0c0e46ba0f,I_ab1797454285
B_5ab87ebf98db,I_24e3556041f5
B_8aa34d18de68,I_bd6aeb9c165e
B_ba9721fc08bd,I_f27a8fd31515
B_bd1b7c5a8dc1,I_7426e585acbf
B_bff7d6008d0a,I_3a45a21a6d3f
B_4b064fa92d23,I_c3afd8d51d4c
B_e4a2e176ad07,I_c1964bcf893b
B_ce6c46a1e6dd,I_61fdc462edf1
B_111ed9379c6d,I_4edcb3bf5499
B_69552490e267,I_420cf1120958
B_73a31f2f046f,I_8f5b829cee13
B_4ae7482b754f,I_60dbfe05f5e2
B_ab9b510d0313,I_c97e78bfa88a
B_f58bc60134b4,I_019b87c4e247
B_989559a1e42e,I_7426e585acbf
B_d9381ac47ee2,I_2584a3d964ab
B_ad7004ddb645,I_9bb4be47be47
B_54f85ec09fae,I_28febe822067
B_0e733ae957e5,I_9492411a2dda
B_fa995b2bd8dd,I_28e4e9a9d77b
B_f4c753896805,I_78aa185e518e
B_2fda9b09293c,I_032926cd4691
B_298000407aa9,I_39d96214e6d7
B_1560b2e5ae8c,I_e4c88151405a
B_5b3a53dc2d87,I_efdb1dc7f31e
B_d547dfb8b7d3,I_7aa6cb6977c0
B_1bd8084189fe,I_ce856e76fedd
B_fe9de634699b,I_d8c776891751
B_ad3227c0833c,I_1c616b4c91bb
B_7e28f91feced,I_3acbafeedf16
B_0f9215178bb3,I_758f9013a388
B_87d3b02fa058,I_542a2841b299
B_dd7444528519,I_030dc01fca8f
B_a613451c159d,I_7ab675102b12
B_23bac9cdcdcf,I_65b26c42939f
B_9dffe6d0016f,I_03ad71a76a10
B_f303ea39cf7c,I_a3b581e64fcb
B_b2ee413d8e79,I_7bd6389230cd
B_9d990e2966d5,I_7f0ff6d8bd8c
B_d5464299a77e,I_f8ebb6403353
B_4ef968d11115,I_ffe683e121d3
B_8e9167402dd5,I_09bcfe91ab6d
B_21b5565fa657,I_71bdb5e8454b
B_1d3d47be3a05,I_02b405d0584d
B_3e0f51e4740d,I_2b4c7ec194a3
B_e0ba780c35d0,I_0ff214125e22
B_ba8c1c6732e8,I_08f909aa5972
B_9a7daef15d31,I_1c28be650e4a
B_37c663eea8ed,I_46412c1e6da4
B_49b46e6c0875,I_7b29c0cdd611
B_e01d12be7b3b,I_2c2cb6ef9104
B_c9e79060b5d1,I_d8cfa2439d6d
B_319171b74897,I_58ea6e15ba02
B_2d56c9f5be74,I_d956b05ab6ed
B_73def7cfa1e6,I_d98f7acf7e24
B_89821448bc56,I_5558d305f81e
B_6e46614ac50f,I_2d47818146fb
B_0be5dc74877b,I_36b746282c33
B_fc853deea4f1,I_6574daf0e165
B_9261819ef9dc,I_b8512281fc44
B_bb79b56d996e,I_78acf72a8468
B_ffa77eb16ab3,I_3d9de6e0d44e
B_2f3374312543,I_cf1e8b2d707d
B_def320c9a361,I_656f3f29b3bc
B_932dafb9a94d,I_9acbc11ab1a5
B_d271afeca6d4,I_ae95b0886510
B_27d5a1ffa8af,I_5de8f72bcf55
B_3488eeb468da,I_030dc01fca8f
B_2f5b504047bc,I_1ef37b65c11d
B_a3ac65d98fd7,I_89d0aa18c1f7
B_696993324b21,I_36f8300596d9
B_919bb4d671fd,I_89d0aa18c1f7
B_20265bae7be6,I_b415d958c5f4
B_9aa0234e581a,I_cbee0da04134
B_36e3eb3fdacf,I_ce856e76fedd
B_88a2d9628021,I_0f4bdafb593d
B_26e275968d3f,I_46412c1e6da4
B_225e89053d4c,I_b1e7928349a6
B_71721db46034,I_7cc4200ad901
B_65757275850d,I_85bf27deb4fd
B_2c1d49e5b125,I_b219dcb7c3c8
B_7494698ef909,I_7426e585acbf
B_e30d102545f6,I_abfd709adbff
B_34034deb76cf,I_019b87c4e247
B_487b1c0c41fa,I_a0b178ec1e90
B_1f0a65a8348a,I_906bd7104b71
B_b9e1396d8775,I_7962bf9bd82d
B_1a7af9200ddf,I_019b87c4e247
B_96ac7e1fd74b,I_bd8d8c553089
B_1706b8921d8e,I_b1a65284da40
B_24cb72ff87ba,I_b219dcb7c3c8
B_1337653a821b,I_811b03ea9c3a
B_b70a11488204,I_3f92935a64b3
B_82c88b6ed943,I_030dc01fca8f
B_ce2e9028f6ca,I_ce856e76fedd
B_aeb1c3793cfd,I_894a74865691
B_52257128f288,I_0de23bc1dcfe
B_7ea148aa38d8,I_2dccb85d30d4
B_e5bdf1bf2a0c,I_9db222d8d79d
B_1c2b5b98b450,I_894a74865691
B_03b4d3dcee27,I_bc515e78bb5d
B_3e144ccb70f3,I_361234c64784
B_0d688197a4e8,I_5ffc6825ad63
B_06f2da4220fb,I_8d64cf1932d3
B_31d9229eb74b,I_ca6d2612f747
B_494ef058ddad,I_906bd7104b71
B_b3f960ae80a8,I_67870836e4c0
B_76c7707e23c3,I_46412c1e6da4
B_ac53d8b28f1e,I_8d64cf1932d3
B_65c8649258bb,I_ce856e76fedd
